model,accuracy,precision,recall,f1_score,roc_auc
Random Forest,0.9649122807017544,0.975,0.9285714285714286,0.9512195121951219,0.9970238095238095
Logistic Regression,0.9736842105263158,0.975609756097561,0.9523809523809523,0.963855421686747,0.996031746031746
Decision Tree,0.9035087719298246,0.9428571428571428,0.7857142857142857,0.8571428571428571,0.9470899470899469
