mean radius,mean texture,mean perimeter,mean area,mean smoothness,mean compactness,mean concavity,mean concave points,mean symmetry,mean fractal dimension,radius error,texture error,perimeter error,area error,smoothness error,compactness error,concavity error,concave points error,symmetry error,fractal dimension error,worst radius,worst texture,worst perimeter,worst area,worst smoothness,worst compactness,worst concavity,worst concave points,worst symmetry,worst fractal dimension,predicted_class,positive_class_probability
11.41,10.82,73.34,403.3,0.09373,0.06685,0.03512,0.02623,0.1667,0.06113,0.1408,0.4607,1.103,10.5,0.00604,0.01529,0.01514,0.00646,0.01344,0.002206,12.82,15.97,83.74,510.5,0.1548,0.239,0.2102,0.08958,0.3016,0.08523,benign,0.010076725076725076
20.94,23.56,138.9,1364.0,0.1007,0.1606,0.2712,0.131,0.2205,0.05898,1.004,0.8208,6.372,137.9,0.005283,0.03908,0.09518,0.01864,0.02401,0.005002,25.58,27.0,165.3,2010.0,0.1211,0.3172,0.6991,0.2105,0.3126,0.07849,malignant,1.0
16.17,16.07,106.3,788.5,0.0988,0.1438,0.06651,0.05397,0.199,0.06572,0.1745,0.489,1.349,14.91,0.00451,0.01812,0.01951,0.01196,0.01934,0.003696,16.97,19.14,113.1,861.5,0.1235,0.255,0.2114,0.1251,0.3153,0.0896,benign,0.38537972351014
14.42,19.77,94.48,642.5,0.09752,0.1141,0.09388,0.05839,0.1879,0.0639,0.2895,1.851,2.376,26.85,0.008005,0.02895,0.03321,0.01424,0.01462,0.004452,16.33,30.86,109.5,826.4,0.1431,0.3026,0.3194,0.1565,0.2718,0.09353,malignant,0.6643485792180117
13.38,30.72,86.34,557.2,0.09245,0.07426,0.02819,0.03264,0.1375,0.06016,0.3408,1.924,2.287,28.93,0.005841,0.01246,0.007936,0.009128,0.01564,0.002985,15.05,41.61,96.69,705.6,0.1172,0.1421,0.07003,0.07763,0.2196,0.07675,benign,0.06410271253089905
